{
  "function_id": "func_distributed",
  "function_name": "\u5206\u5e03\u5f0f\u8a08\u7b97",
  "base_performance": 60.0,
  "layer_gains": {
    "quantum_entangle_1": 3.6692966676192444,
    "quantum_entangle_2": 13.46373803500169,
    "quantum_entangle_3": 49.40244910553017,
    "resonance_1": 5.399435230304013,
    "resonance_2": 29.153900806248142,
    "resonance_3": 157.41459911404476
  },
  "exponential_gain": 20.085536923187668,
  "synergy_amplification": 1.0,
  "final_gain": 1214703883.461439,
  "contributing_layers": [
    "quantum_entangle_1",
    "quantum_entangle_2",
    "quantum_entangle_3",
    "resonance_1",
    "resonance_2",
    "resonance_3"
  ],
  "synergy_partners": []
}