{
  "function_id": "func_optimization",
  "function_name": "\u512a\u5316\u5f15\u64ce",
  "base_performance": 80.0,
  "layer_gains": {
    "meta_compute_1": 3.6692966676192444,
    "meta_compute_2": 30.82811581578646,
    "synergy_1": 4.049576422728009,
    "synergy_2": 16.39906920351458,
    "synergy_3": 66.40928400123764,
    "synergy_4": 268.92947074166034
  },
  "exponential_gain": 20.085536923187668,
  "synergy_amplification": 1.0,
  "final_gain": 2694692706.9937973,
  "contributing_layers": [
    "meta_compute_1",
    "meta_compute_2",
    "synergy_1",
    "synergy_2",
    "synergy_3",
    "synergy_4"
  ],
  "synergy_partners": []
}