{
  "algorithm": "quantum_phase_estimation",
  "precision_bits": 8,
  "results": {
    "estimated_phases": [
      3.7543871918707747,
      1.370059516876183,
      4.177221939894001,
      3.1908977235438973,
      4.4525433403366925,
      5.238958731090163,
      2.471082866488216,
      2.404692786595303
    ],
    "precision": 0.00390625,
    "accuracy": 0.9965482792869962
  }
}