{
  "algorithm": "variational_quantum_eigensolver",
  "ansatz": "hardware_efficient",
  "iterations": 100,
  "learning_rate": 0.01,
  "parameters": {
    "optimized_params": [
      -1.2358450732879012,
      3.9033794620838367,
      3.1870933912562593,
      -1.446346365314266,
      10.836167950677101,
      -10.162830908299222,
      -3.9550556423447096,
      -3.3890258667529416
    ],
    "final_energy": 0.3972169371481233,
    "final_iteration": 100
  },
  "results": {
    "ground_state_energy": 0.3972169371481233,
    "convergence": true
  }
}