{
  "cycle": 35,
  "timestamp": "2026-03-01T08:45:42.004775+00:00",
  "consumption": 34128.0,
  "efficiency": 0.95,
  "net_energy": 32421.6,
  "reservoir": 1599458.3199999947
}