{
  "cycle": 31,
  "timestamp": "2026-03-01T08:45:42.000135+00:00",
  "consumption": 30336.0,
  "efficiency": 0.95,
  "net_energy": 28819.199999999997,
  "reservoir": 1475213.4399999955
}