{
  "cycle": 0,
  "timestamp": "2026-03-01T08:45:41.962013+00:00",
  "consumption": 948.0000000000001,
  "efficiency": 0.95,
  "net_energy": 900.6,
  "reservoir": 1000891.12
}