{
  "cycle": 18,
  "timestamp": "2026-03-01T08:45:41.983050+00:00",
  "consumption": 18012.0,
  "efficiency": 0.95,
  "net_energy": 17111.399999999998,
  "reservoir": 1170933.8799999983
}