{
  "cycle": 45,
  "timestamp": "2026-03-01T08:45:42.016493+00:00",
  "consumption": 43608.0,
  "efficiency": 0.95,
  "net_energy": 41427.6,
  "reservoir": 1973112.5199999926
}