{
  "cycle": 16,
  "timestamp": "2026-03-01T08:45:41.980997+00:00",
  "consumption": 16116.0,
  "efficiency": 0.95,
  "net_energy": 15310.199999999999,
  "reservoir": 1137630.6399999987
}