{
  "cycle": 44,
  "timestamp": "2026-03-01T08:45:42.015464+00:00",
  "consumption": 42660.0,
  "efficiency": 0.95,
  "net_energy": 40527.0,
  "reservoir": 1931694.3999999927
}