{
  "cycle": 40,
  "timestamp": "2026-03-01T08:45:42.010796+00:00",
  "consumption": 38868.0,
  "efficiency": 0.95,
  "net_energy": 36924.6,
  "reservoir": 1775027.9199999936
}