{
  "cycle": 5,
  "timestamp": "2026-03-01T08:45:41.968770+00:00",
  "consumption": 5688.0,
  "efficiency": 0.95,
  "net_energy": 5403.599999999999,
  "reservoir": 1018855.7200000001
}