{
  "cycle": 12,
  "timestamp": "2026-03-01T08:45:41.976775+00:00",
  "consumption": 12324.0,
  "efficiency": 0.95,
  "net_energy": 11707.8,
  "reservoir": 1081831.3599999996
}