{
  "cycle": 20,
  "timestamp": "2026-03-01T08:45:41.985267+00:00",
  "consumption": 19908.0,
  "efficiency": 0.95,
  "net_energy": 18912.6,
  "reservoir": 1207839.519999998
}