{
  "cycle": 7,
  "timestamp": "2026-03-01T08:45:41.970859+00:00",
  "consumption": 7584.000000000001,
  "efficiency": 0.95,
  "net_energy": 7204.8,
  "reservoir": 1032345.7600000001
}