{
  "cycle": 13,
  "timestamp": "2026-03-01T08:45:41.977837+00:00",
  "consumption": 13272.0,
  "efficiency": 0.95,
  "net_energy": 12608.4,
  "reservoir": 1094430.2799999993
}