{
  "cycle": 49,
  "timestamp": "2026-03-01T08:45:42.020932+00:00",
  "consumption": 47400.0,
  "efficiency": 0.95,
  "net_energy": 45030.0,
  "reservoir": 2147790.9999999925
}