{
  "cycle": 1,
  "timestamp": "2026-03-01T08:45:41.963182+00:00",
  "consumption": 1896.0000000000002,
  "efficiency": 0.95,
  "net_energy": 1801.2,
  "reservoir": 1002682.84
}