{
  "cycle": 17,
  "timestamp": "2026-03-01T08:45:41.982037+00:00",
  "consumption": 17064.0,
  "efficiency": 0.95,
  "net_energy": 16210.8,
  "reservoir": 1153831.9599999986
}