{
  "cycle": 15,
  "timestamp": "2026-03-01T08:45:41.979931+00:00",
  "consumption": 15168.000000000002,
  "efficiency": 0.95,
  "net_energy": 14409.6,
  "reservoir": 1122329.919999999
}