{
  "cycle": 4,
  "timestamp": "2026-03-01T08:45:41.967742+00:00",
  "consumption": 4740.0,
  "efficiency": 0.95,
  "net_energy": 4503.0,
  "reservoir": 1013461.6000000001
}