{
  "cycle": 25,
  "timestamp": "2026-03-01T08:45:41.990698+00:00",
  "consumption": 24648.0,
  "efficiency": 0.95,
  "net_energy": 23415.6,
  "reservoir": 1315864.1199999969
}