{
  "cycle": 24,
  "timestamp": "2026-03-01T08:45:41.989589+00:00",
  "consumption": 23700.000000000004,
  "efficiency": 0.95,
  "net_energy": 22515.000000000004,
  "reservoir": 1292457.999999997
}