{
  "cycle": 21,
  "timestamp": "2026-03-01T08:45:41.986382+00:00",
  "consumption": 20856.0,
  "efficiency": 0.95,
  "net_energy": 19813.2,
  "reservoir": 1227643.2399999977
}