{
  "cycle": 8,
  "timestamp": "2026-03-01T08:45:41.971928+00:00",
  "consumption": 8532.0,
  "efficiency": 0.95,
  "net_energy": 8105.4,
  "reservoir": 1040441.6800000002
}