{
  "cycle": 14,
  "timestamp": "2026-03-01T08:45:41.978888+00:00",
  "consumption": 14220.0,
  "efficiency": 0.95,
  "net_energy": 13509.0,
  "reservoir": 1107929.799999999
}