{
  "cycle": 3,
  "timestamp": "2026-03-01T08:45:41.965437+00:00",
  "consumption": 3792.0000000000005,
  "efficiency": 0.95,
  "net_energy": 3602.4,
  "reservoir": 1008968.0800000001
}