{
  "cycle": 47,
  "timestamp": "2026-03-01T08:45:42.018517+00:00",
  "consumption": 45504.0,
  "efficiency": 0.95,
  "net_energy": 43228.799999999996,
  "reservoir": 2058650.5599999921
}