{
  "cycle": 34,
  "timestamp": "2026-03-01T08:45:42.003770+00:00",
  "consumption": 33180.0,
  "efficiency": 0.95,
  "net_energy": 31521.0,
  "reservoir": 1567046.1999999948
}