{
  "cycle": 37,
  "timestamp": "2026-03-01T08:45:42.006978+00:00",
  "consumption": 36024.0,
  "efficiency": 0.95,
  "net_energy": 34222.799999999996,
  "reservoir": 1666984.3599999943
}