{
  "num_cycles": 30,
  "num_universes": 10,
  "direct_cumulative_return": 1.0257600918661273e+31,
  "direct_annual_return": Infinity,
  "direct_avg_daily": 12.299586866584322,
  "direct_std_daily": 8.053775076040973,
  "amplified_cumulative_return": 2.3294021571176683e+61,
  "amplified_annual_return": Infinity,
  "amplified_avg_daily": 142.4261069454358,
  "amplified_std_daily": 93.36205137169098,
  "avg_amplification_factor": 11.562383257945994,
  "max_amplification_factor": 11.600177683581519,
  "min_amplification_factor": 11.410500450077969,
  "amplification_multiplier": NaN,
  "universe_final_equities": {
    "0": 40080.826031650045,
    "1": 47967.638412485874,
    "2": 60215.20797689459,
    "3": 52614.495196510594,
    "4": 25396.557632380314,
    "5": 20983.32050279381,
    "6": 57375.365641416414,
    "7": 20974.63492384321,
    "8": 23408.206240371037,
    "9": 40884.45571489581
  },
  "sharpe_amplified": 24.216952411243103,
  "total_capital_deployed": 100000.0,
  "final_total_capital": 389900.7082732417
}