{
  "algorithm": "quantum_fourier_transform",
  "num_qubits": 8,
  "results": {
    "num_qubits": 8,
    "input_norm": 1.0,
    "output_norm": 15.999999999999998,
    "amplitudes_sampled": [
      1.8555277572016495,
      1.2485597796714734,
      1.1424500275139282,
      0.9046407694975267,
      0.7199631224419007,
      1.148044868360809,
      0.7085498368377656,
      0.9975789369169399
    ]
  }
}