{
  "cycle": 46,
  "timestamp": "2026-03-01T08:45:42.017552+00:00",
  "consumption": 44556.0,
  "efficiency": 0.95,
  "net_energy": 42328.2,
  "reservoir": 2015431.2399999923
}