{
  "cycle": 27,
  "timestamp": "2026-03-01T08:45:41.994069+00:00",
  "consumption": 26544.0,
  "efficiency": 0.95,
  "net_energy": 25216.8,
  "reservoir": 1365378.1599999964
}