{
  "cycle": 19,
  "timestamp": "2026-03-01T08:45:41.984113+00:00",
  "consumption": 18960.0,
  "efficiency": 0.95,
  "net_energy": 18012.0,
  "reservoir": 1188936.399999998
}