{
  "cycle": 41,
  "timestamp": "2026-03-01T08:45:42.012025+00:00",
  "consumption": 39816.0,
  "efficiency": 0.95,
  "net_energy": 37825.2,
  "reservoir": 1812843.6399999934
}