{
  "cycle": 6,
  "timestamp": "2026-03-01T08:45:41.969836+00:00",
  "consumption": 6636.0,
  "efficiency": 0.95,
  "net_energy": 6304.2,
  "reservoir": 1025150.4400000001
}