{
  "cycle": 9,
  "timestamp": "2026-03-01T08:45:41.972982+00:00",
  "consumption": 9480.0,
  "efficiency": 0.95,
  "net_energy": 9006.0,
  "reservoir": 1049438.2000000002
}