{
  "cycle": 32,
  "timestamp": "2026-03-01T08:45:42.001186+00:00",
  "consumption": 31284.0,
  "efficiency": 0.95,
  "net_energy": 29719.8,
  "reservoir": 1504923.7599999954
}