{
  "cycle": 38,
  "timestamp": "2026-03-01T08:45:42.008177+00:00",
  "consumption": 36972.0,
  "efficiency": 0.95,
  "net_energy": 35123.4,
  "reservoir": 1702098.279999994
}