{
  "cycle": 43,
  "timestamp": "2026-03-01T08:45:42.014300+00:00",
  "consumption": 41712.0,
  "efficiency": 0.95,
  "net_energy": 39626.4,
  "reservoir": 1891176.879999993
}