{
  "cycle": 36,
  "timestamp": "2026-03-01T08:45:42.005814+00:00",
  "consumption": 35076.0,
  "efficiency": 0.95,
  "net_energy": 33322.2,
  "reservoir": 1632771.0399999944
}