{
  "cycle": 33,
  "timestamp": "2026-03-01T08:45:42.002605+00:00",
  "consumption": 32232.0,
  "efficiency": 0.95,
  "net_energy": 30620.399999999998,
  "reservoir": 1535534.679999995
}