{
  "cycle": 48,
  "timestamp": "2026-03-01T08:45:42.019633+00:00",
  "consumption": 46452.0,
  "efficiency": 0.95,
  "net_energy": 44129.4,
  "reservoir": 2102770.479999992
}