{
  "cycle": 29,
  "timestamp": "2026-03-01T08:45:41.997944+00:00",
  "consumption": 28440.0,
  "efficiency": 0.95,
  "net_energy": 27018.0,
  "reservoir": 1418494.599999996
}