{
  "cycle": 30,
  "timestamp": "2026-03-01T08:45:41.999100+00:00",
  "consumption": 29388.0,
  "efficiency": 0.95,
  "net_energy": 27918.6,
  "reservoir": 1446403.7199999958
}