{
  "cycle": 42,
  "timestamp": "2026-03-01T08:45:42.013122+00:00",
  "consumption": 40764.0,
  "efficiency": 0.95,
  "net_energy": 38725.799999999996,
  "reservoir": 1851559.9599999932
}