{
  "cycle": 2,
  "timestamp": "2026-03-01T08:45:41.964340+00:00",
  "consumption": 2844.0,
  "efficiency": 0.95,
  "net_energy": 2701.7999999999997,
  "reservoir": 1005375.16
}