{
  "cycle": 28,
  "timestamp": "2026-03-01T08:45:41.995082+00:00",
  "consumption": 27492.0,
  "efficiency": 0.95,
  "net_energy": 26117.399999999998,
  "reservoir": 1391486.079999996
}