{
  "cycle": 39,
  "timestamp": "2026-03-01T08:45:42.009600+00:00",
  "consumption": 37920.0,
  "efficiency": 0.95,
  "net_energy": 36024.0,
  "reservoir": 1738112.7999999938
}