{
  "cycle": 23,
  "timestamp": "2026-03-01T08:45:41.988573+00:00",
  "consumption": 22752.0,
  "efficiency": 0.95,
  "net_energy": 21614.399999999998,
  "reservoir": 1269952.4799999972
}