{
  "cycle": 22,
  "timestamp": "2026-03-01T08:45:41.987477+00:00",
  "consumption": 21804.0,
  "efficiency": 0.95,
  "net_energy": 20713.8,
  "reservoir": 1248347.5599999975
}