{
  "cycle": 26,
  "timestamp": "2026-03-01T08:45:41.992999+00:00",
  "consumption": 25596.0,
  "efficiency": 0.95,
  "net_energy": 24316.199999999997,
  "reservoir": 1340170.8399999966
}