{
  "cycle": 11,
  "timestamp": "2026-03-01T08:45:41.975687+00:00",
  "consumption": 11376.0,
  "efficiency": 0.95,
  "net_energy": 10807.199999999999,
  "reservoir": 1070133.0399999998
}