{
  "timestamp": "2026-03-02T18:38:01.933072",
  "strategies": {
    "Cosmic": {
      "overall_score": 8.239162528038705,
      "rank": 1,
      "risk_adjusted_score": 0.0,
      "return_score": 0,
      "risk_management_score": 0.0,
      "trade_quality_score": 54.9277501869247,
      "total_trades": 480,
      "winning_trades": 163,
      "losing_trades": 317,
      "win_rate": 33.958333333333336,
      "total_pnl": -14657.216719907363,
      "total_return_pct": -59.64353416725974,
      "sharpe_ratio": -0.16733857880921463,
      "max_drawdown_pct": 63.933499926541415,
      "annual_return_pct": -59.63196426582233,
      "avg_trade_duration": 15.0625,
      "daily_avg_profit": -40.1567581367325,
      "sortino_ratio": -0.23316254998156832,
      "volatility_pct": 17.923344489967402,
      "calmar_ratio": -0.9335385356904776,
      "profit_factor": 0.9622615226285031,
      "avg_win": 2292.834201942162,
      "avg_loss": -1225.2024972759616,
      "consecutive_wins": 5,
      "consecutive_losses": 13
    }
  },
  "rankings": [
    {
      "rank": 1,
      "name": "Cosmic",
      "score": 8.239162528038705
    }
  ]
}